year,electricity_access,water_access,inflation,unemployment,arms_imp,military_gov_exp,military_gdp,armed_forces_n,armed_forces_pers,corruption,effectiveness,stability_violence,regulatory_quality,rule_of_law,headcount_poverty,gini
2015,37.59999847,74.39951222,1.450690576,7.730000019,,11.2718329,2.360162267,15800,0.2382911568,-0.6806338,-0.9293196,-1.685664,-0.6135012,-0.7314965,,
2016,38.78982162,76.04238647,-1.799647071,1.370000005,21000000,11.61869438,2.587226876,17800,0.2625431076,-0.6552013,-0.9960037,-1.617233,-0.628753,-0.7848209,,
2017,34.77999878,77.67905804,1.759857429,7.409999847,31000000,13.2134326,3.026635517,18000,0.2593536619,-0.6436131,-0.9387332,-1.906901,-0.6006463,-0.7782402,,
2018,50.90000153,79.30885105,0.2995465074,1.620000005,25000000,13.90426265,2.806944707,21000,0.2927752684,-0.6906904,-1.00032,-2.088723,-0.5852904,-0.7990251,2821875,0.3613692015
2019,47.83627701,80.93188178,-1.658266948,1.618999958,15000000,11.89111699,2.713526371,21000,0.2832969342,-0.6918932,-1.069,-2.201104,-0.6081915,-0.8463669,,
2020,50.56141663,82.54729103,0.4380889403,3.529999971,31000000,13.017765,3.328144813,,,-0.7836053,-1.165863,-2.13411,-0.6589757,-0.9335976,,
2021,,,3.925602831,,,10.46550097,2.821948308,,,-0.867007,-1.223188,-2.352437,-0.621648,-0.9020324,,