year,electricity_access,water_access,inflation,unemployment,food_insc,arms_imp,military_gov_exp,military_gdp,armed_forces_n,armed_forces_pers,corruption,effectiveness,stability_violence,regulatory_quality,rule_of_law,headcount_poverty,gini
2015,100,93.656,48.6998,9.14,19.8,23000000,7.553243864,3.251180763,256000,1.187208001,-1.01816,-0.5243816,-1.9618,-0.5989439,-0.8552423,55637,0.2545754033
2016,100,93.724,13.9127,9.35,22.3,5000000,7.779052699,3.154776603,292000,1.361107255,-0.8471857,-0.5819734,-1.85648,-0.4002047,-0.802493,44261,0.25002203
2017,100,93.79,14.438,9.5,21.5,4000000,6.938385837,2.884401519,297000,1.391426303,-0.8108389,-0.4889053,-1.870538,-0.266749,-0.739619,14446,0.2604904909
2018,100,93.855,10.951,8.8,18.3,70000000,7.64802682,3.192353265,297000,1.398033048,-0.9013473,-0.4367557,-1.869737,-0.2442203,-0.7438642,4433,0.2607148571
2019,100,93.866,7.8867,8.189,19.9,26000000,8.513455276,3.520152416,311000,1.470570781,-0.7809034,-0.3088953,-1.423576,-0.2026339,-0.7245945,0,0.2661946629
2020,100,93.928,2.73249,9.4799,22.7,18000000,8.288440829,3.811849481,,,-0.8117248,-0.382994,-1.137997,-0.2521033,-0.6901485,12722,0.2562736131
2021,,,9.363139,9.829,,,7.827446804,3.228346937,,,-0.7666565,-0.4089674,-1.098819,-0.2781634,,,